[
  {
    "title": "Dessert Detective",
    "grade": "5–6",
    "concept": "Supervised Learning",
    "mechanic": "Drag-and-drop",
    "description": "Classify desserts into cupcakes, cookies, or donuts.",
    "difficulty": "easy"
  },
  {
    "title": "Sort the Creatures",
    "grade": "6–7",
    "concept": "Data Classification",
    "mechanic": "Interactive quiz",
    "description": "Classify mythical creatures by traits.",
    "difficulty": "medium"
  },
  {
    "title": "Neuron Maze",
    "grade": "7–8",
    "concept": "Neural Networks",
    "mechanic": "Puzzle maze",
    "description": "Route signals through neurons to activate outputs.",
    "difficulty": "medium"
  },
  {
    "title": "AI Pen Pal",
    "grade": "6–9",
    "concept": "Natural Language Processing",
    "mechanic": "Chat templates",
    "description": "Build your own chatbot.",
    "difficulty": "easy"
  },
  {
    "title": "Spot the Alien!",
    "grade": "7–10",
    "concept": "Image Recognition",
    "mechanic": "Click-and-label",
    "description": "Train AI to detect hidden aliens.",
    "difficulty": "medium"
  },
  {
    "title": "AI Courtroom",
    "grade": "All Grades",
    "concept": "Ethical AI",
    "mechanic": "Story choices",
    "description": "Judge AI decisions in real-life scenarios.",
    "difficulty": "medium"
  },
  {
    "title": "Playlist Prodigy",
    "grade": "8–10",
    "concept": "Recommender Systems",
    "mechanic": "Simulation",
    "description": "Build a music recommender AI.",
    "difficulty": "hard"
  },
  {
    "title": "Bot Explorer",
    "grade": "9–10",
    "concept": "Reinforcement Learning",
    "mechanic": "Grid world",
    "description": "Train a robot to explore a planet.",
    "difficulty": "hard"
  },
  {
    "title": "Smart Home Hero",
    "grade": "All Grades",
    "concept": "AI in Daily Life",
    "mechanic": "Decision tree",
    "description": "Manage a smart home assistant.",
    "difficulty": "easy"
  },
  {
    "title": "AI Creator Lab",
    "grade": "8–10",
    "concept": "Build Your Own AI",
    "mechanic": "Guided builder",
    "description": "Create and share a mini AI project.",
    "difficulty": "hard"
  }
]